stage,count,stage_conversion,dropoff_from_prior
Visitors,2500,1.0,0.0
Leads,1685,0.674,0.32599999999999996
Customers,55,0.032640949554896145,0.9673590504451038
